name,phone,email,age,address,tax_id,is_active
Ravi Kumar,91-9876543210,ravi.kumar1@gmail.com,34,"123 MG Road, Bengaluru, KA",IN1234567890,TRUE
Anita Desai,91-9123456780,anita.desai1@gmail.com,28,"45 Park Street, Kolkata, WB",IN0987654321,FALSE
Mohit Sharma,91-9988776655,mohit.sharma2@gmail.com,41,"78 Nehru Nagar, Delhi",IN1122334455,TRUE
Priya Mehta,91-9090909090,priya.mehta1@gmail.com,30,"12 Marine Drive, Mumbai, MH",IN6677889900,TRUE
Arjun Reddy,91-9345678901,arjun.reddy1@gmail.com,37,"56 Jubilee Hills, Hyderabad, TS",IN5566778899,FALSE
Sneha Roy,91-9871234567,sneha.roy1@gmail.com,26,"89 Salt Lake, Kolkata, WB",IN4455667788,TRUE
Ravi Kumar,91-9876543210,ravi.kumar@gmail.com,34,"123 MG Road, Bengaluru, KA",IN1234567890,TRUE
Anita Desai,91-9123456780,anita.desai@gmail.com,28,"45 Park Street, Kolkata, WB",IN0987654321,FALSE
Mohit Sharma,91-9988776655,mohit.sharma@gmail.com,41,"78 Nehru Nagar, Delhi",IN1122334455,TRUE
Priya Mehta,91-9090909090,priya.mehta@gmail.com,30,"12 Marine Drive, Mumbai, MH",IN6677889900,TRUE
Arjun Reddy,91-9345678901,arjun.reddy@gmail.com,37,"56 Jubilee Hills, Hyderabad, TS",IN5566778899,FALSE
Sneha Roy,91-9871234567,sneha.roy@gmail.com,26,"89 Salt Lake, Kolkata, WB",IN4455667788,TRUE
Karan Malhotra,91-9812345678,karan.malhotra@gmail.com,39,"101 Sector 22, Chandigarh",IN3344556677,TRUE
Neha Joshi,91-9823456789,neha.joshi@gmail.com,32,"67 FC Road, Pune, MH",IN2233445566,FALSE
Rahul Verma,91-9834567890,rahul.verma@gmail.com,45,"88 Civil Lines, Kanpur, UP",IN7788990011,TRUE
Divya Nair,91-9845678901,divya.nair@gmail.com,29,"34 MG Road, Kochi, KL",IN8899001122,TRUE
Amitabh Das,91-9856789012,amitabh.das@gmail.com,50,"76 Boring Road, Patna, BR",IN9900112233,FALSE
Meera Iyer,91-9867890123,meera.iyer@gmail.com,36,"22 Residency Road, Bengaluru, KA",IN1011121314,TRUE
Tanya Bhatnagar,91-9870001234,tanya.bhatnagar@gmail.com,31,"23 Lodhi Road, New Delhi",IN1212121212,TRUE
Siddharth Sen,91-9811122233,siddharth.sen@gmail.com,38,"102 Ballygunge Place, Kolkata, WB",IN2323232323,FALSE
Farhan Qureshi,91-9822233445,farhan.qureshi@gmail.com,42,"56 Bandra West, Mumbai, MH",IN3434343434,TRUE
Ishita Kapoor,91-9833344556,ishita.kapoor@gmail.com,27,"77 Sector 18, Noida, UP",IN4545454545,TRUE
Rakesh Jain,91-9844455667,rakesh.jain@gmail.com,35,"88 Ashok Nagar, Chennai, TN",IN5656565656,FALSE
Lavanya Rao,91-9855566778,lavanya.rao@gmail.com,40,"12 Banjara Hills, Hyderabad, TS",IN6767676767,TRUE
Nikhil Dutta,91-9866677889,nikhil.dutta@gmail.com,33,"34 Rajarhat, Kolkata, WB",IN7878787878,TRUE
Pooja Bhatt,91-9877788990,pooja.bhatt@gmail.com,29,"90 Koregaon Park, Pune, MH",IN8989898989,FALSE
Manoj Pillai,91-9888899001,manoj.pillai@gmail.com,46,"65 Vyttila, Kochi, KL",IN9090909090,TRUE
Simran Kaur,91-9899900112,simran.kaur@gmail.com,25,"11 Sector 9, Chandigarh",IN0101010101,TRUE
Ritika Sharma,91-9876543211,ritika.sharma@gmail.com,30,"12 Green Park, New Delhi",IN1111222233,TRUE
Aditya Mehra,91-9123456781,aditya.mehra@hotmail.com,43,"78 Sector 15, Gurugram, HR",IN2222333344,FALSE
Naina Kapoor,91-9988776656,naina.kapoor@yahoo.com,27,"34 Juhu Lane, Mumbai, MH",IN3333444455,TRUE
Rajeev Sinha,91-9090909091,rajeev.sinha@gmail.com,36,"56 Alambagh, Lucknow, UP",IN4444555566,TRUE
Swati Deshmukh,91-9345678902,swati.deshmukh@hotmail.com,32,"89 Camp Area, Pune, MH",IN5555666677,FALSE
Imran Khan,91-9871234568,imran.khan@yahoo.com,40,"23 Charminar Road, Hyderabad, TS",IN6666777788,TRUE
Kavita Joshi,91-9812345679,kavita.joshi@gmail.com,29,"45 Race Course Road, Indore, MP",IN7777888899,TRUE
Deepak Chatterjee,91-9823456790,deepak.chatterjee@hotmail.com,48,"67 Shibpur Road, Howrah, WB",IN8888999900,FALSE
Ayesha Siddiqui,91-9834567891,ayesha.siddiqui@yahoo.com,35,"90 Anna Nagar, Chennai, TN",IN9999000011,TRUE
Harsh Vardhan,91-9845678902,harsh.vardhan@gmail.com,31,"11 Sector 10, Chandigarh",IN0000111122,TRUE
Bhavna Patel,91-9876543222,bhavna.patel@gmail.com,33,"21 Satellite Road, Ahmedabad, GJ",IN1111333344,TRUE
Rohit Bansal,91-9123456782,rohit.bansal@hotmail.com,44,"88 Sector 62, Noida, UP",IN2222444455,FALSE
Sonal Verma,91-9988776657,sonal.verma@yahoo.com,26,"56 Boring Road, Patna, BR",IN3333555566,TRUE
Tarun Khanna,91-9090909092,tarun.khanna@gmail.com,39,"34 Rajpur Road, Dehradun, UK",IN4444666677,TRUE
Megha Reddy,91-9345678903,megha.reddy@hotmail.com,31,"12 Gachibowli, Hyderabad, TS",IN5555777788,FALSE
Vikram Chauhan,91-9871234569,vikram.chauhan@yahoo.com,47,"78 Sector 17, Chandigarh",IN6666888899,TRUE
Anjali Das,91-9812345680,anjali.das@gmail.com,28,"90 Salt Lake, Kolkata, WB",IN7777999900,TRUE
Suresh Nair,91-9823456791,suresh.nair@hotmail.com,42,"45 MG Road, Kochi, KL",IN8888000011,FALSE
Pallavi Ghosh,91-9834567892,pallavi.ghosh@yahoo.com,36,"67 Ballygunge Circular Road, Kolkata, WB",IN9999111122,TRUE
Yash Thakur,91-9845678903,yash.thakur@gmail.com,34,"23 Civil Lines, Bhopal, MP",IN0000222233,TRUE
Reena Malhotra,91-9876543223,reena.malhotra@gmail.com,29,"45 Sector 21, Faridabad, HR",IN1111444455,TRUE
Aman Gupta,91-9123456783,aman.gupta@hotmail.com,41,"78 Civil Lines, Jaipur, RJ",IN2222555566,FALSE
Shruti Menon,91-9988776658,shruti.menon@yahoo.com,34,"56 MG Road, Thiruvananthapuram, KL",IN3333666677,TRUE
Kunal Joshi,91-9090909093,kunal.joshi@gmail.com,38,"34 Sector 8, Gandhinagar, GJ",IN4444777788,TRUE
Priti Singh,91-9345678904,priti.singh@hotmail.com,30,"12 Rajendra Nagar, Lucknow, UP",IN5555888899,FALSE
Devendra Rao,91-9871234570,devendra.rao@yahoo.com,45,"90 Jubilee Hills, Hyderabad, TS",IN6666999900,TRUE
Tanvi Chawla,91-9812345681,tanvi.chawla@gmail.com,27,"23 Sector 14, Panchkula, HR",IN7777000011,TRUE
Ramesh Iyer,91-9823456792,ramesh.iyer@hotmail.com,50,"67 T Nagar, Chennai, TN",IN8888111122,FALSE
Neelam Ghosh,91-9834567893,neelam.ghosh@yahoo.com,33,"89 Lake Town, Kolkata, WB",IN9999222233,TRUE
Abhishek Thakur,91-9845678904,abhishek.thakur@gmail.com,36,"11 MP Nagar, Bhopal, MP",IN0000333344,TRUE
Snehal Pawar,91-9876543224,snehal.pawar@gmail.com,32,"78 FC Road, Pune, MH",IN1111555566,TRUE
Arvind Mishra,91-9123456784,arvind.mishra@hotmail.com,46,"34 Civil Lines, Allahabad, UP",IN2222666677,FALSE
Juhi Saxena,91-9988776659,juhi.saxena@yahoo.com,28,"56 Sector 9, Gandhinagar, GJ",IN3333777788,TRUE
Manish Kapoor,91-9090909094,manish.kapoor@gmail.com,37,"90 Sector 5, Noida, UP",IN4444888899,TRUE
Ruchi Nair,91-9345678905,ruchi.nair@hotmail.com,31,"23 MG Road, Kochi, KL",IN5555999900,FALSE
Sanjay Ghosh,91-9871234571,sanjay.ghosh@yahoo.com,43,"45 Lake Gardens, Kolkata, WB",IN6666000011,TRUE
Tina D'Souza,91-9812345682,tina.dsouza@gmail.com,26,"67 Colaba Causeway, Mumbai, MH",IN7777111122,TRUE
Ashok Reddy,91-9823456793,ashok.reddy@hotmail.com,39,"12 Banjara Hills, Hyderabad, TS",IN8888222233,FALSE
Payal Mehta,91-9834567894,payal.mehta@yahoo.com,35,"89 CG Road, Ahmedabad, GJ",IN9999333344,TRUE
Nitin Verma,91-9845678905,nitin.verma@gmail.com,40,"11 Sector 11, Chandigarh",IN0000444455,TRUE
Sanjay Kaur,91-9284981068,sanjay.kaur1319@gmail.com,31,"83 Sector 15, Delhi, UP",IN4643555558,TRUE
Rohit D'Souza,91-9392354168,rohit.d'souza2267@hotmail.com,34,"67 Sector 15, Lucknow, DL",IN5978414136,FALSE
Juhi Desai,91-9236998207,juhi.desai369@yahoo.com,47,"37 Park Street, Ahmedabad, UP",IN1372560691,TRUE
Ishita Chatterjee,91-9166993485,ishita.chatterjee2115@hotmail.com,48,"55 Civil Lines, Lucknow, KA",IN9297994921,FALSE
Reena Mehta,91-9796876950,reena.mehta33322@gmail.com,24,"36 Sector 15, Kolkata, UP",IN6753377388,FALSE
Anjali Menon,91-9416866269,anjali.menon86443@hotmail.com,39,"79 MG Road, Hyderabad, TN",IN3095473130,FALSE
Lavanya Thakur,91-9039927210,lavanya.thakur84389@yahoo.com,52,"30 MG Road, Jaipur, TS",IN6492672871,FALSE
Meera Mishra,91-9611418360,meera.mishra53254@yahoo.com,37,"62 MG Road, Bengaluru, DL",IN4501727427,TRUE
Pallavi Pawar,91-9677674784,pallavi.pawar4142@yahoo.com,25,"98 Civil Lines, Delhi, DL",IN3751600102,FALSE
Kunal Pawar,91-9298270059,kunal.pawar19435@yahoo.com,24,"74 Park Street, Lucknow, WB",IN6642394401,TRUE
Devendra Menon,91-9749431324,devendra.menon7622@yahoo.com,35,"58 MG Road, Mumbai, MH",IN2713626665,FALSE
Devendra Yadav,91-9539918918,devendra.yadav19232@yahoo.com,39,"38 Civil Lines, Mumbai, MH",IN6462178791,TRUE
Pallavi Nair,91-9925303881,pallavi.nair72383@hotmail.com,50,"86 MG Road, Kolkata, TN",IN4059427934,FALSE
Tarun Kapoor,91-9192156125,tarun.kapoor93296@hotmail.com,19,"78 MG Road, Bengaluru, RJ",IN5814530376,TRUE
Divya Mishra,91-9184082966,divya.mishra28321@yahoo.com,32,"50 Sector 15, Mumbai, DL",IN1976745724,TRUE
Ashok Saxena,91-9535122431,ashok.saxena13291@yahoo.com,23,"97 MG Road, Chennai, TN",IN3027856825,FALSE
Sonal Sen,91-9693337827,sonal.sen59328@yahoo.com,58,"73 Sector 15, Delhi, WB",IN6980204335,TRUE
Kunal Sen,91-9088130047,kunal.sen9231@yahoo.com,28,"62 MG Road, Pune, GJ",IN5022496751,FALSE
Amit Thakur,91-9221795948,amit.thakur6338@yahoo.com,31,"46 MG Road, Ahmedabad, DL",IN9647713929,TRUE
Deepika Khanna,91-9225860725,deepika.khanna68328@hotmail.com,57,"45 MG Road, Bengaluru, GJ",IN8027749925,FALSE
Priya Pawar,91-9810341552,priya.pawar72310@gmail.com,56,"55 Sector 15, Mumbai, RJ",IN7632916306,FALSE
Rohit Menon,91-9846307531,rohit.menon925@yahoo.com,34,"67 Sector 15, Bengaluru, GJ",IN6517018971,FALSE
Reena Jain,91-9999263515,reena.jain838@gmail.com,56,"16 MG Road, Kolkata, RJ",IN7356388186,FALSE
Neha Iyer,91-9828107065,neha.iyer66233@gmail.com,33,"11 Sector 15, Ahmedabad, DL",IN2352489867,FALSE
Nikhil Kaur,91-9636378382,nikhil.kaur72324@gmail.com,29,"39 Sector 15, Chennai, RJ",IN5922146437,TRUE
Ashok Desai,91-9115670139,ashok.desai9823@gmail.com,39,"61 Park Street, Jaipur, KA",IN5320850437,FALSE
Sonal Mishra,91-9064721234,sonal.mishra23241@hotmail.com,40,"48 Sector 15, Bengaluru, DL",IN5093339494,TRUE
Yash Singh,91-9340292849,yash.singh4725@hotmail.com,57,"75 Civil Lines, Ahmedabad, TS",IN7461146266,TRUE
Ravi Nair,91-9127925649,ravi.nair2350@gmail.com,57,"99 Park Street, Hyderabad, TS",IN7146295913,TRUE
Sneha Aggarwal,91-9672570751,sneha.aggarwal5357@hotmail.com,31,"8 Civil Lines, Hyderabad, TS",IN1944487127,TRUE
Devendra Roy,91-9576979275,devendra.roy8533@yahoo.com,25,"27 Sector 15, Jaipur, TS",IN8041756430,TRUE
Sneha Mehta,91-9147341635,sneha.mehta44320@hotmail.com,48,"22 Park Street, Mumbai, WB",IN9691207711,TRUE
Neha Khanna,91-9651213782,neha.khanna5422@yahoo.com,59,"100 Civil Lines, Lucknow, MH",IN9950464245,FALSE
Rakesh Joshi,91-9540292790,rakesh.joshi4332@yahoo.com,42,"17 Civil Lines, Bengaluru, RJ",IN1460699772,TRUE
Sonal Chawla,91-9853783316,sonal.chawla3821@hotmail.com,58,"16 Civil Lines, Jaipur, UP",IN6463258365,FALSE
Sneha Joshi,91-9222372331,sneha.joshi9522@gmail.com,44,"7 Civil Lines, Jaipur, DL",IN1170064354,TRUE
Tina Singh,91-9490493118,tina.singh7929@yahoo.com,37,"96 MG Road, Delhi, RJ",IN9787837134,TRUE
Tarun Khanna,91-9758922508,tarun.khanna2527@gmail.com,18,"63 Sector 15, Chennai, MH",IN7129598063,FALSE
Lavanya Iyer,91-9119667644,lavanya.iyer5723@gmail.com,57,"6 Sector 15, Mumbai, TN",IN3833353561,TRUE
Payal Sen,91-9158713007,payal.sen8285@gmail.com,41,"43 Sector 15, Mumbai, KA",IN5857545687,TRUE
Devendra Gupta,91-9874359069,devendra.gupta4721@yahoo.com,21,"92 MG Road, Bengaluru, TN",IN6160232115,FALSE
Rakesh Aggarwal,91-9445522069,rakesh.aggarwal2181@gmail.com,41,"43 MG Road, Pune, RJ",IN1680382765,TRUE
Rahul Aggarwal,91-9842160950,rahul.aggarwal9292@gmail.com,38,"53 MG Road, Jaipur, DL",IN7772045479,TRUE
Neelam Yadav,91-9041232727,neelam.yadav7925@hotmail.com,18,"23 Civil Lines, Delhi, MH",IN8423859514,TRUE
Karan Pawar,91-9321465536,karan.pawar7931@hotmail.com,23,"88 Civil Lines, Mumbai, RJ",IN2375349955,FALSE
Snehal Mehta,91-9023356751,snehal.mehta1648@gmail.com,55,"34 Civil Lines, Mumbai, MH",IN3258204776,TRUE
Abhishek Menon,91-9859617408,abhishek.menon3874@gmail.com,28,"15 Civil Lines, Delhi, KA",IN8574443786,FALSE
Neha Dutta,91-9702964799,neha.dutta3334@hotmail.com,38,"46 Park Street, Pune, TS",IN9586953236,FALSE
Shruti Bansal,91-9585813672,shruti.bansal2365@gmail.com,51,"88 Sector 15, Bengaluru, KA",IN5401023677,FALSE
Simran Chawla,91-9180237857,simran.chawla4624@hotmail.com,36,"59 Park Street, Kolkata, MH",IN3981509951,TRUE
Sanjay Kaur,91-9284981068,sanjay.kaur139@gmail.com,31,"83 Sector 15, Delhi, UP",IN4643555558,TRUE
Rohit D'Souza,91-9392354168,rohit.d'souza267@hotmail.com,34,"67 Sector 15, Lucknow, DL",IN5978414136,FALSE
Juhi Desai,91-9236998207,juhi.desai69@yahoo.com,47,"37 Park Street, Ahmedabad, UP",IN1372560691,TRUE
Ishita Chatterjee,91-9166993485,ishita.chatterjee215@hotmail.com,48,"55 Civil Lines, Lucknow, KA",IN9297994921,FALSE
Reena Mehta,91-9796876950,reena.mehta322@gmail.com,24,"36 Sector 15, Kolkata, UP",IN6753377388,FALSE
Anjali Menon,91-9416866269,anjali.menon863@hotmail.com,39,"79 MG Road, Hyderabad, TN",IN3095473130,FALSE
Lavanya Thakur,91-9039927210,lavanya.thakur889@yahoo.com,52,"30 MG Road, Jaipur, TS",IN6492672871,FALSE
Meera Mishra,91-9611418360,meera.mishra554@yahoo.com,37,"62 MG Road, Bengaluru, DL",IN4501727427,TRUE
Pallavi Pawar,91-9677674784,pallavi.pawar412@yahoo.com,25,"98 Civil Lines, Delhi, DL",IN3751600102,FALSE
Kunal Pawar,91-9298270059,kunal.pawar195@yahoo.com,24,"74 Park Street, Lucknow, WB",IN6642394401,TRUE
Devendra Menon,91-9749431324,devendra.menon762@yahoo.com,35,"58 MG Road, Mumbai, MH",IN2713626665,FALSE
Devendra Yadav,91-9539918918,devendra.yadav192@yahoo.com,39,"38 Civil Lines, Mumbai, MH",IN6462178791,TRUE
Pallavi Nair,91-9925303881,pallavi.nair783@hotmail.com,50,"86 MG Road, Kolkata, TN",IN4059427934,FALSE
Tarun Kapoor,91-9192156125,tarun.kapoor996@hotmail.com,19,"78 MG Road, Bengaluru, RJ",IN5814530376,TRUE
Divya Mishra,91-9184082966,divya.mishra281@yahoo.com,32,"50 Sector 15, Mumbai, DL",IN1976745724,TRUE
Ashok Saxena,91-9535122431,ashok.saxena191@yahoo.com,23,"97 MG Road, Chennai, TN",IN3027856825,FALSE
Sonal Sen,91-9693337827,sonal.sen598@yahoo.com,58,"73 Sector 15, Delhi, WB",IN6980204335,TRUE
Kunal Sen,91-9088130047,kunal.sen931@yahoo.com,28,"62 MG Road, Pune, GJ",IN5022496751,FALSE
Amit Thakur,91-9221795948,amit.thakur638@yahoo.com,31,"46 MG Road, Ahmedabad, DL",IN9647713929,TRUE
Deepika Khanna,91-9225860725,deepika.khanna688@hotmail.com,57,"45 MG Road, Bengaluru, GJ",IN8027749925,FALSE
Priya Pawar,91-9810341552,priya.pawar710@gmail.com,56,"55 Sector 15, Mumbai, RJ",IN7632916306,FALSE
Rohit Menon,91-9846307531,rohit.menon95@yahoo.com,34,"67 Sector 15, Bengaluru, GJ",IN6517018971,FALSE
Reena Jain,91-9999263515,reena.jain88@gmail.com,56,"16 MG Road, Kolkata, RJ",IN7356388186,FALSE
Neha Iyer,91-9828107065,neha.iyer663@gmail.com,33,"11 Sector 15, Ahmedabad, DL",IN2352489867,FALSE
Nikhil Kaur,91-9636378382,nikhil.kaur724@gmail.com,29,"39 Sector 15, Chennai, RJ",IN5922146437,TRUE
Ashok Desai,91-9115670139,ashok.desai983@gmail.com,39,"61 Park Street, Jaipur, KA",IN5320850437,FALSE
Sonal Mishra,91-9064721234,sonal.mishra241@hotmail.com,40,"48 Sector 15, Bengaluru, DL",IN5093339494,TRUE
Yash Singh,91-9340292849,yash.singh475@hotmail.com,57,"75 Civil Lines, Ahmedabad, TS",IN7461146266,TRUE
Ravi Nair,91-9127925649,ravi.nair250@gmail.com,57,"99 Park Street, Hyderabad, TS",IN7146295913,TRUE
Sneha Aggarwal,91-9672570751,sneha.aggarwal557@hotmail.com,31,"8 Civil Lines, Hyderabad, TS",IN1944487127,TRUE
Devendra Roy,91-9576979275,devendra.roy853@yahoo.com,25,"27 Sector 15, Jaipur, TS",IN8041756430,TRUE
Sneha Mehta,91-9147341635,sneha.mehta440@hotmail.com,48,"22 Park Street, Mumbai, WB",IN9691207711,TRUE
Neha Khanna,91-9651213782,neha.khanna542@yahoo.com,59,"100 Civil Lines, Lucknow, MH",IN9950464245,FALSE
Rakesh Joshi,91-9540292790,rakesh.joshi432@yahoo.com,42,"17 Civil Lines, Bengaluru, RJ",IN1460699772,TRUE
Sonal Chawla,91-9853783316,sonal.chawla381@hotmail.com,58,"16 Civil Lines, Jaipur, UP",IN6463258365,FALSE
Sneha Joshi,91-9222372331,sneha.joshi952@gmail.com,44,"7 Civil Lines, Jaipur, DL",IN1170064354,TRUE
Tina Singh,91-9490493118,tina.singh799@yahoo.com,37,"96 MG Road, Delhi, RJ",IN9787837134,TRUE
Tarun Khanna,91-9758922508,tarun.khanna257@gmail.com,18,"63 Sector 15, Chennai, MH",IN7129598063,FALSE
Lavanya Iyer,91-9119667644,lavanya.iyer573@gmail.com,57,"6 Sector 15, Mumbai, TN",IN3833353561,TRUE
Payal Sen,91-9158713007,payal.sen885@gmail.com,41,"43 Sector 15, Mumbai, KA",IN5857545687,TRUE
Devendra Gupta,91-9874359069,devendra.gupta471@yahoo.com,21,"92 MG Road, Bengaluru, TN",IN6160232115,FALSE
Rakesh Aggarwal,91-9445522069,rakesh.aggarwal181@gmail.com,41,"43 MG Road, Pune, RJ",IN1680382765,TRUE
Rahul Aggarwal,91-9842160950,rahul.aggarwal992@gmail.com,38,"53 MG Road, Jaipur, DL",IN7772045479,TRUE
Neelam Yadav,91-9041232727,neelam.yadav795@hotmail.com,18,"23 Civil Lines, Delhi, MH",IN8423859514,TRUE
Karan Pawar,91-9321465536,karan.pawar791@hotmail.com,23,"88 Civil Lines, Mumbai, RJ",IN2375349955,FALSE
Snehal Mehta,91-9023356751,snehal.mehta168@gmail.com,55,"34 Civil Lines, Mumbai, MH",IN3258204776,TRUE
Abhishek Menon,91-9859617408,abhishek.menon387@gmail.com,28,"15 Civil Lines, Delhi, KA",IN8574443786,FALSE
Neha Dutta,91-9702964799,neha.dutta334@hotmail.com,38,"46 Park Street, Pune, TS",IN9586953236,FALSE
Shruti Bansal,91-9585813672,shruti.bansal265@gmail.com,51,"88 Sector 15, Bengaluru, KA",IN5401023677,FALSE
Simran Chawla,91-9180237857,simran.chawla464@hotmail.com,36,"59 Park Street, Kolkata, MH",IN3981509951,TRUE
Vivaan Mehta,91-9000000050,vivaan.mehta1@outlook.com,32,"58 FC Road, Ahmedabad, DL",IN4908179746,TRUE
Krishna Sharma,91-9000000051,krishna.sharma1@outlook.com,43,"9 Marine Drive, Chennai, KA",IN3020647771,TRUE
Sai Mehta,91-9000000052,sai.mehta1@hotmail.com,59,"93 MG Road, Lucknow, MH",IN7896166246,TRUE
Sai Patel,91-9000000053,sai.patel1@gmail.com,27,"92 Sector 22, Hyderabad, WB",IN2643268611,TRUE
Krishna Jain,91-9000000054,krishna.jain1@gmail.com,53,"5 Nehru Nagar, Ahmedabad, UP",IN8777168306,FALSE
Aditya Nair,91-9000000055,aditya.nair1@outlook.com,31,"68 Nehru Nagar, Hyderabad, DL",IN9535919011,TRUE
Arjun Nair,91-9000000056,arjun.nair1@outlook.com,55,"29 MG Road, Bengaluru, WB",IN8591512149,TRUE
Sai Sharma,91-9000000057,sai.sharma1@gmail.com,22,"74 Sector 22, Mumbai, UP",IN9223010525,FALSE
Ishaan Gupta,91-9000000058,ishaan.gupta1@hotmail.com,48,"34 Civil Lines, Jaipur, DL",IN4922024106,TRUE
Vivaan Reddy,91-9000000059,vivaan.reddy1@gmail.com,44,"58 Park Street, Mumbai, MH",IN7389420210,TRUE
Reyansh Nair,91-9000000060,reyansh.nair1@hotmail.com,54,"54 FC Road, Mumbai, MH",IN9536225052,TRUE
Vihaan Patel,91-9000000061,vihaan.patel1@gmail.com,31,"92 MG Road, Pune, KA",IN5055586726,FALSE
Aarav Patel,91-9000000062,aarav.patel1@gmail.com,26,"8 Park Street, Delhi, RJ",IN4810343544,TRUE
Vihaan Gupta,91-9000000063,vihaan.gupta1@hotmail.com,37,"84 Residency Road, Bengaluru, MH",IN7574255493,TRUE
Krishna Chopra,91-9000000064,krishna.chopra1@gmail.com,59,"7 Sector 22, Bengaluru, KA",IN2032403932,TRUE
Ayaan Mehta,91-9000000065,ayaan.mehta1@yahoo.com,31,"59 Civil Lines, Jaipur, RJ",IN1991586419,FALSE
Krishna Jain,91-9000000066,krishna.jain1@outlook.com,26,"88 MG Road, Pune, MH",IN7715790337,FALSE
Vivaan Jain,91-9000000067,vivaan.jain1@yahoo.com,49,"28 Park Street, Lucknow, DL",IN2028225702,TRUE
Vivaan Reddy,91-9000000068,vivaan.reddy1@outlook.com,34,"69 Salt Lake, Ahmedabad, MH",IN6047252214,TRUE
Sai Chopra,91-9000000069,sai.chopra1@outlook.com,21,"96 FC Road, Ahmedabad, DL",IN7846909165,TRUE
Krishna Patel,91-9000000070,krishna.patel1@gmail.com,38,"86 FC Road, Pune, TS",IN4399416355,TRUE
Reyansh Verma,91-9000000071,reyansh.verma1@hotmail.com,29,"7 Park Street, Ahmedabad, DL",IN4089828733,TRUE
Aditya Jain,91-9000000072,aditya.jain1@yahoo.com,38,"98 Park Street, Bengaluru, MH",IN2676154987,FALSE
Ayaan Mehta,91-9000000073,ayaan.mehta2@yahoo.com,31,"81 FC Road, Jaipur, DL",IN3786180380,FALSE
Aarav Gupta,91-9000000074,aarav.gupta2@hotmail.com,26,"6 FC Road, Hyderabad, KA",IN8212688492,TRUE
Arjun Nair,91-9000000075,arjun.nair2@yahoo.com,38,"46 Nehru Nagar, Ahmedabad, GJ",IN9726214868,TRUE
Arjun Sharma,91-9000000076,arjun.sharma2@hotmail.com,38,"67 Residency Road, Bengaluru, MH",IN1243965186,TRUE
Arjun Reddy,91-9000000077,arjun.reddy2@outlook.com,52,"56 Civil Lines, Chennai, MH",IN6208606548,TRUE
Aarav Reddy,91-9000000078,aarav.reddy2@outlook.com,45,"30 Jubilee Hills, Pune, GJ",IN8112503386,FALSE
Arjun Chopra,91-9000000079,arjun.chopra2@gmail.com,29,"49 Civil Lines, Chennai, UP",IN6779479588,FALSE
Aditya Verma,91-9000000080,aditya.verma2@outlook.com,27,"50 Sector 22, Kolkata, DL",IN8366495838,TRUE
Arjun Patel,91-9000000081,arjun.patel2@yahoo.com,43,"64 Marine Drive, Delhi, RJ",IN4924935038,TRUE
Arjun Sharma,91-9000000082,arjun.sharma2@gmail.com,23,"3 Sector 22, Kolkata, MH",IN5859103316,FALSE
Vihaan Kumar,91-9000000083,vihaan.kumar2@hotmail.com,43,"45 MG Road, Lucknow, UP",IN3288883184,FALSE
Ishaan Chopra,91-9000000084,ishaan.chopra2@outlook.com,21,"75 Nehru Nagar, Jaipur, UP",IN8621920357,FALSE
Arjun Sharma,91-9000000085,arjun.sharma3@gmail.com,27,"21 Nehru Nagar, Bengaluru, KA",IN9603891694,TRUE
Vivaan Jain,91-9000000086,vivaan.jain3@yahoo.com,54,"8 Nehru Nagar, Kolkata, MH",IN5562897734,FALSE
Aarav Jain,91-9000000087,aarav.jain3@gmail.com,32,"77 Salt Lake, Hyderabad, UP",IN9172509772,TRUE
Aarav Mehta,91-9000000088,aarav.mehta3@outlook.com,38,"41 Park Street, Ahmedabad, RJ",IN4745135201,FALSE
Aditya Gupta,91-9000000089,aditya.gupta3@hotmail.com,49,"87 Sector 22, Mumbai, TN",IN9625264816,FALSE
Reyansh Nair,91-9000000090,reyansh.nair3@gmail.com,30,"45 Sector 22, Ahmedabad, RJ",IN8942365287,FALSE
Reyansh Verma,91-9000000091,reyansh.verma3@outlook.com,22,"2 FC Road, Pune, MH",IN1074116746,TRUE
Vivaan Gupta,91-9000000092,vivaan.gupta3@gmail.com,38,"12 Residency Road, Pune, DL",IN5753576485,FALSE
Vivaan Nair,91-9000000093,vivaan.nair3@hotmail.com,32,"50 Salt Lake, Bengaluru, MH",IN9988327970,TRUE
Aditya Patel,91-9000000094,aditya.patel3@yahoo.com,46,"75 Salt Lake, Jaipur, MH",IN4520640020,FALSE
Ishaan Nair,91-9000000095,ishaan.nair3@hotmail.com,49,"47 Sector 22, Kolkata, TN",IN9753960776,FALSE
Vihaan Sharma,91-9000000096,vihaan.sharma3@yahoo.com,40,"10 MG Road, Kolkata, TS",IN1160826815,TRUE
Aditya Nair,91-9000000097,aditya.nair3@hotmail.com,26,"19 Jubilee Hills, Kolkata, DL",IN1315360501,FALSE
Arjun Kumar,91-9000000098,arjun.kumar3@yahoo.com,52,"100 FC Road, Pune, WB",IN9474283764,TRUE
Ishaan Jain,91-9000000099,ishaan.jain3@hotmail.com,45,"42 FC Road, Lucknow, MH",IN9767286945,TRUE
Vivaan Reddy,91-9000000100,vivaan.reddy3@yahoo.com,33,"6 MG Road, Jaipur, DL",IN9327782698,TRUE
Reyansh Sharma,91-9000000101,reyansh.sharma3@outlook.com,45,"92 MG Road, Kolkata, GJ",IN7286078056,TRUE
Vihaan Sharma,91-9000000102,vihaan.sharma4@outlook.com,38,"34 Salt Lake, Mumbai, KA",IN7564300012,FALSE
Reyansh Gupta,91-9000000103,reyansh.gupta4@yahoo.com,24,"45 Park Street, Lucknow, WB",IN4403511452,FALSE
Vivaan Nair,91-9000000104,vivaan.nair4@outlook.com,31,"31 Jubilee Hills, Lucknow, DL",IN2816050507,FALSE
Vivaan Kumar,91-9000000105,vivaan.kumar4@outlook.com,24,"56 Jubilee Hills, Hyderabad, MH",IN2661594337,TRUE
Sai Patel,91-9000000106,sai.patel4@outlook.com,40,"57 Nehru Nagar, Jaipur, WB",IN9061774000,TRUE
Krishna Chopra,91-9000000107,krishna.chopra4@gmail.com,39,"23 Jubilee Hills, Mumbai, UP",IN3241248991,TRUE
Ayaan Jain,91-9000000108,ayaan.jain4@hotmail.com,48,"8 Marine Drive, Chennai, TS",IN3850194112,TRUE
Aarav Patel,91-9000000109,aarav.patel4@gmail.com,49,"60 Residency Road, Jaipur, RJ",IN6791473667,TRUE
Sai Chopra,91-9000000110,sai.chopra4@hotmail.com,58,"98 FC Road, Jaipur, RJ",IN1286656702,FALSE
Vihaan Chopra,91-9000000111,vihaan.chopra4@outlook.com,52,"10 Residency Road, Kolkata, UP",IN5624417108,TRUE
Sai Verma,91-9000000112,sai.verma4@yahoo.com,42,"6 Jubilee Hills, Kolkata, KA",IN2843446174,FALSE
Arjun Gupta,91-9000000113,arjun.gupta4@gmail.com,54,"15 Marine Drive, Ahmedabad, TN",IN7051563054,FALSE
Vihaan Chopra,91-9000000114,vihaan.chopra4@hotmail.com,44,"30 Marine Drive, Jaipur, GJ",IN3149391831,FALSE
Ayaan Nair,91-9000000115,ayaan.nair4@outlook.com,24,"54 Sector 22, Chennai, RJ",IN8167992281,FALSE
Ayaan Nair,91-9000000116,ayaan.nair5@hotmail.com,45,"92 Civil Lines, Bengaluru, GJ",IN7228112387,TRUE
Reyansh Kumar,91-9000000117,reyansh.kumar5@yahoo.com,38,"93 Marine Drive, Ahmedabad, RJ",IN1276998574,TRUE
Vivaan Verma,91-9000000118,vivaan.verma5@gmail.com,38,"89 Jubilee Hills, Kolkata, UP",IN2546346291,FALSE
Ishaan Sharma,91-9000000119,ishaan.sharma5@hotmail.com,55,"9 Park Street, Mumbai, RJ",IN6013882276,TRUE
Vihaan Kumar,91-9000000120,vihaan.kumar5@gmail.com,55,"81 Salt Lake, Lucknow, DL",IN9372313536,FALSE
Ishaan Gupta,91-9000000121,ishaan.gupta5@yahoo.com,52,"93 Salt Lake, Mumbai, MH",IN1972223930,FALSE
Krishna Chopra,91-9000000122,krishna.chopra5@outlook.com,54,"75 Sector 22, Delhi, UP",IN1273599867,TRUE
Aarav Sharma,91-9000000123,aarav.sharma5@outlook.com,47,"82 Salt Lake, Jaipur, UP",IN1343933848,FALSE
Aditya Reddy,91-9000000124,aditya.reddy5@outlook.com,40,"15 Marine Drive, Delhi, RJ",IN5870256263,TRUE
Ishaan Chopra,91-9000000125,ishaan.chopra5@yahoo.com,28,"71 Park Street, Ahmedabad, UP",IN7633294182,FALSE
Ishaan Jain,91-9000000126,ishaan.jain5@outlook.com,51,"100 MG Road, Jaipur, MH",IN5659693996,TRUE
Reyansh Verma,91-9000000127,reyansh.verma5@gmail.com,24,"68 Residency Road, Jaipur, TS",IN9186439947,TRUE
Aditya Chopra,91-9000000128,aditya.chopra5@outlook.com,58,"27 Residency Road, Mumbai, MH",IN4078398773,FALSE
Sai Gupta,91-9000000129,sai.gupta5@hotmail.com,25,"82 FC Road, Ahmedabad, DL",IN3053749309,FALSE
Vivaan Jain,91-9000000130,vivaan.jain5@hotmail.com,34,"96 MG Road, Jaipur, RJ",IN9587237524,FALSE
Vihaan Nair,91-9000000131,vihaan.nair5@gmail.com,36,"65 Civil Lines, Kolkata, GJ",IN6342781658,FALSE
Vivaan Chopra,91-9000000132,vivaan.chopra5@hotmail.com,23,"50 Nehru Nagar, Kolkata, UP",IN4792758514,FALSE
Vivaan Kumar,91-9000000133,vivaan.kumar5@hotmail.com,27,"41 FC Road, Delhi, MH",IN3910065109,TRUE
Ishaan Kumar,91-9000000134,ishaan.kumar5@outlook.com,59,"79 Park Street, Lucknow, MH",IN5900882129,TRUE
Reyansh Sharma,91-9000000135,reyansh.sharma5@outlook.com,59,"47 Nehru Nagar, Delhi, TS",IN5256051456,TRUE
Aarav Kumar,91-9000000136,aarav.kumar5@yahoo.com,45,"55 Sector 22, Mumbai, MH",IN4614955275,TRUE
Vihaan Nair,91-9000000137,vihaan.nair5@hotmail.com,31,"9 Salt Lake, Bengaluru, RJ",IN1373476405,FALSE
Reyansh Gupta,91-9000000138,reyansh.gupta5@hotmail.com,53,"77 Park Street, Ahmedabad, KA",IN5852661776,TRUE
Reyansh Gupta,91-9000000139,reyansh.gupta5@gmail.com,36,"45 Sector 22, Mumbai, RJ",IN7991215178,TRUE
Ishaan Gupta,91-9000000140,ishaan.gupta5@gmail.com,53,"84 MG Road, Bengaluru, GJ",IN1844325251,FALSE
Vihaan Nair,91-9000000141,vihaan.nair6@hotmail.com,60,"55 Marine Drive, Delhi, RJ",IN5722058984,TRUE
Ishaan Mehta,91-9000000142,ishaan.mehta6@gmail.com,51,"50 Civil Lines, Kolkata, RJ",IN9103231718,FALSE
Aarav Sharma,91-9000000143,aarav.sharma6@gmail.com,31,"51 Salt Lake, Bengaluru, TS",IN4973664023,TRUE
Aarav Sharma,91-9000000144,aarav.sharma6@outlook.com,37,"78 FC Road, Jaipur, UP",IN8573948283,TRUE
Krishna Chopra,91-9000000145,krishna.chopra6@hotmail.com,33,"61 Marine Drive, Ahmedabad, DL",IN3440623657,TRUE
Sai Jain,91-9000000146,sai.jain6@gmail.com,39,"91 MG Road, Lucknow, TN",IN9470166210,FALSE
Aarav Chopra,91-9000000147,aarav.chopra6@outlook.com,32,"82 FC Road, Kolkata, KA",IN5405635886,TRUE
Sai Nair,91-9000000148,sai.nair6@gmail.com,55,"45 Nehru Nagar, Chennai, TS",IN1401366156,TRUE
Ayaan Nair,91-9000000149,ayaan.nair6@outlook.com,46,"59 Civil Lines, Bengaluru, MH",IN9430892338,FALSE
Ayaan Chopra,91-9000000150,ayaan.chopra6@hotmail.com,31,"4 Residency Road, Kolkata, UP",IN7601243598,TRUE
Aditya Verma,91-9000000151,aditya.verma6@yahoo.com,22,"78 Salt Lake, Mumbai, DL",IN8589547793,TRUE
Ishaan Jain,91-9000000152,ishaan.jain6@hotmail.com,30,"55 Salt Lake, Hyderabad, KA",IN5725271959,TRUE
Vihaan Jain,91-9000000153,vihaan.jain6@yahoo.com,49,"5 MG Road, Bengaluru, MH",IN1009875805,FALSE
Krishna Reddy,91-9000000154,krishna.reddy6@gmail.com,21,"35 Sector 22, Kolkata, MH",IN7355791181,TRUE
Ayaan Reddy,91-9000000155,ayaan.reddy6@hotmail.com,41,"85 Salt Lake, Ahmedabad, UP",IN1487230075,TRUE
Ayaan Reddy,91-9000000156,ayaan.reddy6@yahoo.com,49,"47 MG Road, Lucknow, DL",IN2530695279,FALSE
Krishna Nair,91-9000000157,krishna.nair6@outlook.com,36,"47 Residency Road, Lucknow, KA",IN6786924678,TRUE
Sai Gupta,91-9000000158,sai.gupta6@hotmail.com,26,"44 Civil Lines, Jaipur, DL",IN9393481989,TRUE
Vihaan Sharma,91-9000000159,vihaan.sharma6@yahoo.com,28,"16 Nehru Nagar, Bengaluru, WB",IN1579940510,TRUE
Krishna Reddy,91-9000000160,krishna.reddy6@hotmail.com,46,"23 Civil Lines, Kolkata, UP",IN9528546993,FALSE
Vihaan Mehta,91-9000000161,vihaan.mehta6@outlook.com,31,"98 FC Road, Chennai, TS",IN4042007538,FALSE
Aarav Kumar,91-9000000162,aarav.kumar6@gmail.com,25,"55 Salt Lake, Lucknow, WB",IN8734208678,FALSE
Ayaan Chopra,91-9000000163,ayaan.chopra6@outlook.com,21,"6 Nehru Nagar, Pune, WB",IN6344832798,TRUE
Reyansh Mehta,91-9000000164,reyansh.mehta6@yahoo.com,54,"79 Sector 22, Hyderabad, TS",IN4811906904,TRUE
Aditya Sharma,91-9000000165,aditya.sharma6@outlook.com,40,"63 Sector 22, Mumbai, DL",IN8835183755,FALSE
Sai Jain,91-9000000166,sai.jain6@hotmail.com,51,"8 Sector 22, Bengaluru, MH",IN6809611920,TRUE
Ayaan Gupta,91-9000000167,ayaan.gupta6@outlook.com,48,"3 Marine Drive, Hyderabad, DL",IN8930940987,TRUE
Arjun Sharma,91-9000000168,arjun.sharma6@yahoo.com,58,"68 MG Road, Mumbai, DL",IN2629673548,FALSE
Ishaan Kumar,91-9000000169,ishaan.kumar6@hotmail.com,52,"72 Jubilee Hills, Ahmedabad, TN",IN9236703616,FALSE
Sai Kumar,91-9000000170,sai.kumar6@outlook.com,59,"60 Sector 22, Lucknow, GJ",IN7756308291,FALSE
Sai Patel,91-9000000171,sai.patel6@yahoo.com,39,"61 Marine Drive, Ahmedabad, KA",IN3412500799,FALSE
Sai Gupta,91-9000000172,sai.gupta7@yahoo.com,25,"24 Residency Road, Ahmedabad, TS",IN4009742693,FALSE
Vihaan Chopra,91-9000000173,vihaan.chopra7@gmail.com,28,"83 Jubilee Hills, Kolkata, UP",IN7740111758,FALSE
Vihaan Reddy,91-9000000174,vihaan.reddy7@gmail.com,49,"10 Sector 22, Kolkata, GJ",IN5638827022,TRUE
Ayaan Chopra,91-9000000175,ayaan.chopra7@hotmail.com,21,"39 Jubilee Hills, Kolkata, UP",IN1272638790,TRUE
Aditya Verma,91-9000000176,aditya.verma7@outlook.com,56,"10 FC Road, Delhi, GJ",IN9027420818,FALSE
Sai Jain,91-9000000177,sai.jain7@yahoo.com,29,"94 Sector 22, Jaipur, MH",IN3481196177,TRUE
Aarav Reddy,91-9000000178,aarav.reddy7@hotmail.com,36,"5 Salt Lake, Delhi, TN",IN5310411686,FALSE
Ishaan Verma,91-9000000179,ishaan.verma7@yahoo.com,35,"6 Sector 22, Bengaluru, TN",IN3909271848,FALSE
Vihaan Jain,91-9000000180,vihaan.jain7@yahoo.com,23,"92 Jubilee Hills, Mumbai, TN",IN3841860194,TRUE
Krishna Gupta,91-9000000181,krishna.gupta7@yahoo.com,27,"25 Salt Lake, Mumbai, RJ",IN2110332567,TRUE
Ishaan Patel,91-9000000182,ishaan.patel7@gmail.com,27,"9 Park Street, Hyderabad, TS",IN8789553303,TRUE
Ayaan Kumar,91-9000000183,ayaan.kumar7@hotmail.com,40,"7 Sector 22, Mumbai, RJ",IN6264848850,TRUE
Ayaan Jain,91-9000000184,ayaan.jain7@gmail.com,40,"78 Park Street, Ahmedabad, WB",IN6089243046,FALSE
Vihaan Reddy,91-9000000185,vihaan.reddy7@hotmail.com,29,"41 Sector 22, Hyderabad, KA",IN1871656843,FALSE
Vihaan Verma,91-9000000186,vihaan.verma7@hotmail.com,26,"28 Civil Lines, Bengaluru, KA",IN6093039819,TRUE
Aarav Patel,91-9000000187,aarav.patel7@outlook.com,22,"24 Civil Lines, Hyderabad, GJ",IN8142753702,TRUE
Arjun Mehta,91-9000000188,arjun.mehta7@hotmail.com,44,"81 Sector 22, Ahmedabad, DL",IN4028461310,FALSE
Krishna Kumar,91-9000000189,krishna.kumar7@hotmail.com,60,"76 MG Road, Ahmedabad, DL",IN1634390058,FALSE
Ishaan Kumar,91-9000000190,ishaan.kumar7@hotmail.com,33,"29 Sector 22, Mumbai, MH",IN5552524025,FALSE
Vihaan Mehta,91-9000000191,vihaan.mehta7@yahoo.com,41,"78 Marine Drive, Lucknow, DL",IN9002161344,FALSE
Krishna Reddy,91-9000000192,krishna.reddy7@outlook.com,31,"96 Salt Lake, Pune, TN",IN9289257502,TRUE
Aarav Nair,91-9000000193,aarav.nair7@yahoo.com,50,"73 Salt Lake, Delhi, MH",IN8953247237,FALSE
Aditya Kumar,91-9000000194,aditya.kumar7@hotmail.com,58,"41 Park Street, Mumbai, TN",IN3963504853,TRUE
Krishna Jain,91-9000000195,krishna.jain7@outlook.com,27,"15 Sector 22, Delhi, WB",IN5117567160,FALSE
Sai Gupta,91-9000000196,sai.gupta7@gmail.com,50,"55 Salt Lake, Chennai, MH",IN3159453345,TRUE
Krishna Patel,91-9000000197,krishna.patel7@gmail.com,29,"17 Marine Drive, Bengaluru, MH",IN8339639866,TRUE
Ayaan Reddy,91-9000000198,ayaan.reddy7@gmail.com,43,"97 Jubilee Hills, Jaipur, UP",IN1219238297,FALSE
Reyansh Jain,91-9000000199,reyansh.jain7@hotmail.com,37,"71 Jubilee Hills, Delhi, RJ",IN1061988207,TRUE
Ishaan Verma,91-9000000200,ishaan.verma7@gmail.com,60,"65 Civil Lines, Kolkata, UP",IN9982137781,FALSE
Sai Verma,91-9000000201,sai.verma7@yahoo.com,58,"90 Jubilee Hills, Bengaluru, RJ",IN7541540579,FALSE
Sai Jain,91-9000000202,sai.jain7@outlook.com,60,"94 Residency Road, Mumbai, RJ",IN1346465533,TRUE
Ishaan Gupta,91-9000000203,ishaan.gupta7@gmail.com,54,"62 Marine Drive, Bengaluru, MH",IN9250403167,TRUE
Aarav Gupta,91-9000000204,aarav.gupta7@yahoo.com,29,"81 Jubilee Hills, Lucknow, MH",IN9175017191,FALSE
Arjun Reddy,91-9000000205,arjun.reddy7@hotmail.com,59,"64 Park Street, Pune, KA",IN2086883267,FALSE
Reyansh Jain,91-9000000206,reyansh.jain7@gmail.com,57,"22 Sector 22, Jaipur, TN",IN6920331039,TRUE
Reyansh Kumar,91-9000000207,reyansh.kumar7@yahoo.com,60,"85 Civil Lines, Delhi, MH",IN6483636519,TRUE
Vihaan Patel,91-9000000208,vihaan.patel7@hotmail.com,23,"12 Park Street, Hyderabad, UP",IN5459970462,TRUE
Reyansh Reddy,91-9000000209,reyansh.reddy7@yahoo.com,57,"75 FC Road, Mumbai, DL",IN5636061343,FALSE
Arjun Kumar,91-9000000210,arjun.kumar7@yahoo.com,57,"1 Sector 22, Bengaluru, GJ",IN5374645084,TRUE
Krishna Gupta,91-9000000211,krishna.gupta7@outlook.com,23,"24 Park Street, Mumbai, WB",IN4703859108,TRUE
Ayaan Reddy,91-9000000212,ayaan.reddy7@hotmail.com,49,"25 Civil Lines, Hyderabad, RJ",IN9625154903,TRUE
Sai Chopra,91-9000000213,sai.chopra7@yahoo.com,24,"81 Nehru Nagar, Chennai, WB",IN9471256463,TRUE
Reyansh Nair,91-9000000214,reyansh.nair7@outlook.com,58,"96 MG Road, Bengaluru, DL",IN3118105850,TRUE
Krishna Sharma,91-9000000215,krishna.sharma7@outlook.com,33,"22 MG Road, Jaipur, UP",IN6314585859,TRUE
Reyansh Gupta,91-9000000216,reyansh.gupta7@hotmail.com,39,"30 Residency Road, Pune, DL",IN5951923713,TRUE
Reyansh Kumar,91-9000000217,reyansh.kumar7@gmail.com,22,"85 Marine Drive, Delhi, GJ",IN6230547714,TRUE
Krishna Nair,91-9000000218,krishna.nair7@yahoo.com,58,"20 Sector 22, Bengaluru, MH",IN6123971013,FALSE
Krishna Jain,91-9000000219,krishna.jain7@gmail.com,28,"52 Marine Drive, Chennai, MH",IN9253702407,FALSE
Sai Kumar,91-9000000220,sai.kumar7@gmail.com,23,"34 Residency Road, Jaipur, UP",IN2236258695,TRUE
Vivaan Jain,91-9000000221,vivaan.jain7@yahoo.com,40,"16 Jubilee Hills, Bengaluru, TN",IN2630275259,TRUE
Reyansh Nair,91-9000000222,reyansh.nair7@gmail.com,35,"79 Park Street, Jaipur, WB",IN9731945943,TRUE
Sai Sharma,91-9000000223,sai.sharma7@hotmail.com,44,"40 Marine Drive, Hyderabad, TN",IN8903758349,TRUE
Ayaan Gupta,91-9000000224,ayaan.gupta7@outlook.com,43,"10 Sector 22, Lucknow, MH",IN3260399954,FALSE
Ayaan Jain,91-9000000225,ayaan.jain7@hotmail.com,55,"84 Residency Road, Lucknow, GJ",IN4014733151,TRUE
Vihaan Sharma,91-9000000226,vihaan.sharma7@gmail.com,36,"26 Residency Road, Lucknow, MH",IN2219056252,FALSE
Reyansh Jain,91-9000000227,reyansh.jain8@outlook.com,36,"28 Residency Road, Jaipur, RJ",IN7741252509,FALSE
Vihaan Sharma,91-9000000228,vihaan.sharma8@gmail.com,48,"40 Sector 22, Delhi, MH",IN7133212598,FALSE
Vihaan Jain,91-9000000229,vihaan.jain8@gmail.com,53,"32 Park Street, Chennai, UP",IN3115299649,TRUE
Vivaan Chopra,91-9000000230,vivaan.chopra8@hotmail.com,49,"50 Residency Road, Ahmedabad, TS",IN5560638375,TRUE
Sai Patel,91-9000000231,sai.patel8@yahoo.com,27,"23 Civil Lines, Ahmedabad, MH",IN2082200863,FALSE
Krishna Mehta,91-9000000232,krishna.mehta8@gmail.com,44,"11 Residency Road, Jaipur, TN",IN1655125980,TRUE
Ishaan Jain,91-9000000233,ishaan.jain8@yahoo.com,49,"48 Residency Road, Ahmedabad, MH",IN8882546169,FALSE
Reyansh Reddy,91-9000000234,reyansh.reddy8@gmail.com,44,"41 Nehru Nagar, Pune, WB",IN3159648421,FALSE
Arjun Sharma,91-9000000235,arjun.sharma8@hotmail.com,30,"67 Residency Road, Jaipur, TS",IN4651883332,TRUE
Aarav Reddy,91-9000000236,aarav.reddy8@hotmail.com,41,"68 Marine Drive, Chennai, RJ",IN9436566188,TRUE
Aditya Gupta,91-9000000237,aditya.gupta8@gmail.com,47,"43 Jubilee Hills, Bengaluru, DL",IN4496395238,FALSE
Krishna Reddy,91-9000000238,krishna.reddy8@gmail.com,30,"50 FC Road, Lucknow, DL",IN3465170923,FALSE
Vihaan Chopra,91-9000000239,vihaan.chopra8@outlook.com,56,"65 MG Road, Pune, WB",IN7137043489,FALSE
Sai Chopra,91-9000000240,sai.chopra8@gmail.com,33,"47 Marine Drive, Bengaluru, GJ",IN4211353804,TRUE
Krishna Chopra,91-9000000241,krishna.chopra8@yahoo.com,39,"20 Residency Road, Pune, MH",IN7488013166,FALSE
Sai Nair,91-9000000242,sai.nair8@outlook.com,49,"37 Sector 22, Hyderabad, TN",IN2035886055,FALSE
Sai Verma,91-9000000243,sai.verma8@outlook.com,40,"36 MG Road, Chennai, MH",IN6149716095,FALSE
Ishaan Sharma,91-9000000244,ishaan.sharma8@outlook.com,47,"69 Sector 22, Mumbai, UP",IN7684723052,FALSE
Ayaan Gupta,91-9000000245,ayaan.gupta8@outlook.com,54,"16 Marine Drive, Bengaluru, MH",IN6957271826,FALSE
Arjun Chopra,91-9000000246,arjun.chopra8@yahoo.com,32,"70 Jubilee Hills, Pune, KA",IN4563836796,FALSE
Krishna Verma,91-9000000247,krishna.verma8@gmail.com,51,"9 Salt Lake, Ahmedabad, RJ",IN2013781998,FALSE
Vivaan Kumar,91-9000000248,vivaan.kumar8@gmail.com,47,"53 Park Street, Lucknow, RJ",IN4697841786,TRUE
Sai Kumar,91-9000000249,sai.kumar8@outlook.com,31,"64 FC Road, Mumbai, WB",IN7488305501,FALSE
