first_name,last_name,email,phone,specialization,license_number,schedule_start,schedule_end,consultation_fee
Megha,Sachdeva,megha.sachdeva486@gmail.com,+91-7669885888,Neurologist,IN-214897,21:24,02:24,1440
Kritika,Ghosh,kritika.ghosh858@gmail.com,+91-9447554081,Dentist,IN-783780,21:54,03:54,786
Xavier,Ganguly,xavier.ganguly149@rediff.com,+91-8733284888,Orthopedic Surgeon,IN-998165,11:00,13:00,1307
Nicholas,Hegde,nicholas.hegde333@gmail.com,+91-9828313979,Endocrinologist,IN-847770,03:44,05:44,417
Utkarsh,Vaidya,utkarsh.vaidya90@rediff.com,+91-7335174490,Psychiatrist,IN-685801,10:29,13:29,1172
Hritik,Krishna,hritik.krishna776@gmail.com,+91-7853232182,Dermatologist,IN-732228,11:46,13:46,473
Jyoti,Lad,jyoti.lad802@gmail.com,+91-8036857548,Psychiatrist,IN-743719,09:22,12:22,794
Atharv,Thakkar,atharv.thakkar222@rediff.com,+91-8349372402,Pulmonologist,IN-615038,17:04,23:04,541
Nidra,Thakkar,nidra.thakkar821@rediff.com,+91-8181828002,Allergist,IN-593595,00:39,02:39,606
Kalpit,Som,kalpit.som184@rediff.com,+91-7522509657,Dentist,IN-723267,02:10,06:10,1196
Devansh,Chana,devansh.chana661@yahoo.com,+91-7266195424,Dermatologist,IN-103589,19:24,23:24,659
Ria,Goda,ria.goda919@rediff.com,+91-9650226169,Gastroenterologist,IN-388989,10:06,13:06,1078
Bimala,Kurian,bimala.kurian626@yahoo.com,+91-9286216562,Immunologist,IN-995153,21:05,23:05,325
Rachana,Naik,rachana.naik682@yahoo.com,+91-7951279022,General Physician,IN-995913,13:05,16:05,652
Ekanta,Tiwari,ekanta.tiwari731@yahoo.com,+91-7491933311,Immunologist,IN-335996,21:57,03:57,1317
Vansha,Trivedi,vansha.trivedi426@gmail.com,+91-8274175421,Neurologist,IN-724030,20:04,00:04,1041
Umang,Solanki,umang.solanki860@yahoo.com,+91-7629337484,Pulmonologist,IN-298258,13:09,19:09,1396
Udarsh,Bir,udarsh.bir924@gmail.com,+91-9658884852,Allergist,IN-464173,01:36,03:36,538
Onkar,Nair,onkar.nair489@yahoo.com,+91-7028398212,Endocrinologist,IN-505989,07:04,12:04,348
Falguni,Chanda,falguni.chanda932@rediff.com,+91-8904210920,Ophthalmologist,IN-612293,21:26,23:26,936
Kalpit,Ghose,kalpit.ghose619@yahoo.com,+91-9689842265,Immunologist,IN-724739,02:37,07:37,1313
Yahvi,Devi,yahvi.devi894@rediff.com,+91-9970344385,General Physician,IN-830983,18:11,22:11,1437
Ishwar,Garg,ishwar.garg121@rediff.com,+91-9795702087,Pulmonologist,IN-588024,03:48,08:48,1116
Garima,Nath,garima.nath470@yahoo.com,+91-8225869213,Neurologist,IN-235103,17:47,22:47,1360
Orinder,Gill,orinder.gill392@rediff.com,+91-7744724507,Psychiatrist,IN-474255,15:14,17:14,609
Jason,Srinivasan,jason.srinivasan761@gmail.com,+91-9849811460,Rheumatologist,IN-462596,04:57,09:57,1186
Neel,Iyengar,neel.iyengar85@yahoo.com,+91-9808517590,Dermatologist,IN-304225,03:10,07:10,1149
Kalpit,Saxena,kalpit.saxena174@yahoo.com,+91-9779194912,Orthopedic Surgeon,IN-523478,23:25,04:25,1112
Joshua,Sen,joshua.sen226@yahoo.com,+91-8304809966,Oncologist,IN-795726,08:43,13:43,911
Gautam,Om,gautam.om567@gmail.com,+91-7942727466,Nephrologist,IN-724484,08:30,11:30,1022
Faras,Apte,faras.apte311@gmail.com,+91-8872145937,Urologist,IN-890173,08:16,13:16,1464
Kavya,Kaul,kavya.kaul302@yahoo.com,+91-7259146179,Pulmonologist,IN-613246,14:54,17:54,902
Vincent,Sha,vincent.sha568@gmail.com,+91-8644248049,Gastroenterologist,IN-734465,05:58,09:58,1291
Ucchal,Deol,ucchal.deol146@yahoo.com,+91-8892299535,Urologist,IN-558439,14:48,20:48,552
Quincy,Chad,quincy.chad886@rediff.com,+91-7902673160,Nephrologist,IN-281103,16:54,19:54,833
Jack,Vasa,jack.vasa516@rediff.com,+91-9325679999,Cardiologist,IN-560715,10:54,12:54,1351
Hiral,Basu,hiral.basu856@yahoo.com,+91-9096863322,Neurologist,IN-624682,08:38,10:38,1123
Azad,Rajagopalan,azad.rajagopalan792@gmail.com,+91-7091044011,ENT Specialist,IN-999031,03:41,09:41,1147
Ojasvi,Iyengar,ojasvi.iyengar692@rediff.com,+91-9368030276,Ophthalmologist,IN-194428,16:49,19:49,591
Omisha,Majumdar,omisha.majumdar103@rediff.com,+91-9339564129,Orthopedic Surgeon,IN-366892,07:17,13:17,1014
Faras,Rau,faras.rau206@yahoo.com,+91-8976909248,Gastroenterologist,IN-746311,02:56,05:56,1397
William,Kashyap,william.kashyap82@gmail.com,+91-8564988806,Urologist,IN-335325,18:32,22:32,1064
Aryan,Mander,aryan.mander496@gmail.com,+91-7570406185,Dentist,IN-660159,08:49,14:49,901
Upasna,Sarkar,upasna.sarkar346@gmail.com,+91-8432448838,Pediatrician,IN-153196,04:30,10:30,763
Leela,Sahni,leela.sahni624@yahoo.com,+91-9009449847,Dermatologist,IN-171570,00:48,06:48,909
Chaman,Thaker,chaman.thaker174@gmail.com,+91-9404820360,Pulmonologist,IN-319974,11:38,13:38,901
Anamika,Prasad,anamika.prasad384@yahoo.com,+91-8495309273,Psychiatrist,IN-617620,18:20,23:20,1443
Chaitaly,Parmer,chaitaly.parmer77@rediff.com,+91-8917721164,General Physician,IN-398476,13:22,18:22,664
Aishani,Keer,aishani.keer89@yahoo.com,+91-9963031577,Pulmonologist,IN-865411,03:09,08:09,998
Ishanvi,Hegde,ishanvi.hegde92@gmail.com,+91-7971841336,Oncologist,IN-645350,11:52,17:52,443
Chakradev,Bir,chakradev.bir294@gmail.com,+91-9288129104,Endocrinologist,IN-231091,11:24,15:24,528
Bhavna,Rout,bhavna.rout425@gmail.com,+91-7946430802,Pediatrician,IN-720635,04:12,07:12,1036
Anvi,Gera,anvi.gera345@rediff.com,+91-9181975385,Dermatologist,IN-576513,04:34,09:34,388
Mekhala,Sha,mekhala.sha492@yahoo.com,+91-8203617994,Urologist,IN-853243,11:18,14:18,915
Praneel,Mandal,praneel.mandal912@yahoo.com,+91-8536196169,Endocrinologist,IN-177796,12:39,14:39,597
Ekapad,Kapoor,ekapad.kapoor547@rediff.com,+91-8911969995,Psychiatrist,IN-494400,23:54,03:54,524
Aishani,Korpal,aishani.korpal924@gmail.com,+91-7672695006,Gastroenterologist,IN-808763,09:08,14:08,796
Caleb,Verma,caleb.verma344@yahoo.com,+91-7587867356,Endocrinologist,IN-832861,05:11,10:11,1498
Gaurangi,Comar,gaurangi.comar885@yahoo.com,+91-7906242997,Allergist,IN-938475,21:39,23:39,675
Sanaya,Grewal,sanaya.grewal48@yahoo.com,+91-8197613989,Dermatologist,IN-871419,03:48,05:48,416
Sneha,Choudhary,sneha.choudhary770@yahoo.com,+91-8583275454,Gynecologist,IN-153724,20:42,22:42,636
Keya,Dara,keya.dara920@yahoo.com,+91-8859184855,Dermatologist,IN-241194,15:35,20:35,767
Onkar,Bajwa,onkar.bajwa414@yahoo.com,+91-9889175714,Oncologist,IN-183249,09:14,12:14,1446
Leena,Rajagopalan,leena.rajagopalan799@gmail.com,+91-9655288120,Cardiologist,IN-200210,20:18,00:18,1261
Warinder,Soni,warinder.soni857@rediff.com,+91-8505772507,Orthopedic Surgeon,IN-855157,13:24,16:24,645
Chaman,Uppal,chaman.uppal179@gmail.com,+91-9162008316,Pediatrician,IN-669426,05:16,09:16,1375
Liam,Choudhary,liam.choudhary599@rediff.com,+91-7252555622,Gynecologist,IN-410966,07:09,09:09,1393
Ekapad,Oza,ekapad.oza391@gmail.com,+91-7599669721,Urologist,IN-689059,22:08,03:08,1342
Peter,Babu,peter.babu987@gmail.com,+91-8776262517,Nephrologist,IN-891879,13:15,19:15,914
Abhiram,Pathak,abhiram.pathak599@rediff.com,+91-8991666842,Pulmonologist,IN-804872,22:22,03:22,1451
Dalaja,Sundaram,dalaja.sundaram884@rediff.com,+91-7165061925,Nephrologist,IN-837369,13:57,17:57,719
Manan,Manda,manan.manda241@rediff.com,+91-8372659988,Immunologist,IN-386265,09:29,11:29,1204
Hemang,Nair,hemang.nair379@yahoo.com,+91-8397632619,Pulmonologist,IN-197505,14:42,16:42,1167
Irya,Samra,irya.samra653@rediff.com,+91-9509733848,ENT Specialist,IN-387522,09:18,14:18,1488
Chanchal,Peri,chanchal.peri884@gmail.com,+91-9985327403,Pulmonologist,IN-396451,15:04,18:04,778
Farhan,Ratti,farhan.ratti777@rediff.com,+91-9037038118,General Physician,IN-373613,05:48,10:48,949
Rushil,Oak,rushil.oak339@gmail.com,+91-8427177078,Urologist,IN-181044,02:42,07:42,645
Charles,Narasimhan,charles.narasimhan218@rediff.com,+91-8733160649,Ophthalmologist,IN-529402,21:31,00:31,758
Barkha,Wadhwa,barkha.wadhwa906@gmail.com,+91-9669233663,Endocrinologist,IN-101112,22:56,04:56,763
Urmi,Chadha,urmi.chadha551@rediff.com,+91-7973107256,Gynecologist,IN-362109,00:58,04:58,498
Shaurya,Khalsa,shaurya.khalsa534@yahoo.com,+91-8944138477,ENT Specialist,IN-473185,21:17,02:17,1342
Sudiksha,Kibe,sudiksha.kibe547@yahoo.com,+91-8020128099,Gastroenterologist,IN-873115,22:20,03:20,355
Gaurav,Hari,gaurav.hari411@yahoo.com,+91-7032081126,Urologist,IN-619466,06:46,11:46,650
Finn,Ramachandran,finn.ramachandran806@gmail.com,+91-9840026098,Orthopedic Surgeon,IN-956560,13:31,19:31,1145
Veer,Ravel,veer.ravel180@rediff.com,+91-7047392389,General Physician,IN-150592,07:41,11:41,452
Bahadurjit,Singhal,bahadurjit.singhal919@gmail.com,+91-7044056780,Pediatrician,IN-630066,08:35,14:35,1128
Nachiket,Parikh,nachiket.parikh935@rediff.com,+91-8008625660,Cardiologist,IN-216145,05:51,11:51,603
Sanaya,Gulati,sanaya.gulati646@rediff.com,+91-8958933363,Orthopedic Surgeon,IN-571051,11:03,17:03,1475
Ekansh,Amble,ekansh.amble913@yahoo.com,+91-8768864311,Orthopedic Surgeon,IN-109117,14:59,20:59,1431
Ekaja,Subramanian,ekaja.subramanian947@yahoo.com,+91-7877414482,Allergist,IN-654580,15:33,18:33,316
Brinda,Shan,brinda.shan799@yahoo.com,+91-7318046855,Cardiologist,IN-120565,13:41,18:41,560
Yashawini,Doshi,yashawini.doshi590@yahoo.com,+91-7645740950,Orthopedic Surgeon,IN-363526,20:08,01:08,529
Damyanti,Kapoor,damyanti.kapoor212@gmail.com,+91-9958922791,Dentist,IN-485164,15:34,21:34,1163
Tristan,Chowdhury,tristan.chowdhury666@rediff.com,+91-8061137679,Neurologist,IN-849943,21:37,01:37,963
Vedika,Rana,vedika.rana764@rediff.com,+91-7851419485,Nephrologist,IN-320342,08:46,11:46,834
Theodore,Kade,theodore.kade506@yahoo.com,+91-8939205328,Gynecologist,IN-337317,15:07,21:07,1014
Madhavi,Sawhney,madhavi.sawhney506@rediff.com,+91-8530226380,Dentist,IN-296334,07:09,12:09,921
Lakshit,Som,lakshit.som408@rediff.com,+91-8898005331,Cardiologist,IN-806379,15:37,21:37,706
Sudiksha,Bajaj,sudiksha.bajaj504@rediff.com,+91-8972624824,Endocrinologist,IN-638285,20:08,00:08,1116
Sanaya,Bhatti,sanaya.bhatti874@yahoo.com,+91-9898442777,Ophthalmologist,IN-239873,19:01,23:01,664
Fiyaz,Ramesh,fiyaz.ramesh671@gmail.com,+91-8111686000,Dermatologist,IN-138119,05:49,10:49,795
Harish,Manne,harish.manne821@gmail.com,+91-9899417200,Endocrinologist,IN-440292,16:24,18:24,852
Balhaar,Lal,balhaar.lal82@yahoo.com,+91-9864105803,Endocrinologist,IN-723897,00:44,04:44,705
Forum,Chacko,forum.chacko996@yahoo.com,+91-8019224624,Neurologist,IN-728625,16:18,22:18,821
Ranbir,Johal,ranbir.johal988@rediff.com,+91-8568202168,Oncologist,IN-572207,16:10,18:10,682
Laban,Bhakta,laban.bhakta873@gmail.com,+91-7215834320,Psychiatrist,IN-854432,03:35,07:35,1230
Krishna,Minhas,krishna.minhas831@gmail.com,+91-8217496270,Cardiologist,IN-787601,04:07,06:07,850
Dipta,Talwar,dipta.talwar10@gmail.com,+91-9545397800,Psychiatrist,IN-418181,06:23,10:23,1241
Tanish,Mishra,tanish.mishra194@rediff.com,+91-8571916294,Urologist,IN-956334,13:34,15:34,1143
Amol,Mammen,amol.mammen757@rediff.com,+91-7784416473,Allergist,IN-354461,13:13,15:13,689
Arya,Ramesh,arya.ramesh5@yahoo.com,+91-9879988380,Ophthalmologist,IN-376188,18:18,23:18,1264
Megha,Sathe,megha.sathe790@gmail.com,+91-8672027479,Psychiatrist,IN-493575,13:13,15:13,931
Eshana,Raja,eshana.raja219@yahoo.com,+91-7191717566,Oncologist,IN-189643,09:21,15:21,1354
Teerth,Chokshi,teerth.chokshi285@gmail.com,+91-8321846316,Pulmonologist,IN-741524,18:02,20:02,962
Upasna,Dash,upasna.dash323@yahoo.com,+91-7134171765,Rheumatologist,IN-978066,03:44,07:44,1368
Kritika,Prashad,kritika.prashad116@gmail.com,+91-7711266824,Endocrinologist,IN-452860,20:32,00:32,802
Gaurang,Seth,gaurang.seth667@rediff.com,+91-9949550766,Gastroenterologist,IN-344870,16:16,18:16,882
Ansh,Char,ansh.char380@rediff.com,+91-9057994880,Allergist,IN-565946,16:14,20:14,1231
Yashoda,Dass,yashoda.dass39@gmail.com,+91-9527450961,General Physician,IN-137579,13:50,19:50,435
Ijaya,Tailor,ijaya.tailor619@rediff.com,+91-7603380545,Neurologist,IN-734438,18:28,21:28,737
Maya,Subramaniam,maya.subramaniam66@rediff.com,+91-8210625661,Orthopedic Surgeon,IN-858217,08:51,14:51,904
Vaishnavi,Dugar,vaishnavi.dugar584@gmail.com,+91-7569901439,Dermatologist,IN-309131,06:21,08:21,372
Hardik,Tara,hardik.tara999@gmail.com,+91-8478113233,Orthopedic Surgeon,IN-500737,15:55,21:55,1112
Indrajit,Bala,indrajit.bala73@gmail.com,+91-9659625498,Nephrologist,IN-847426,04:23,10:23,447
Tejas,Subramanian,tejas.subramanian686@rediff.com,+91-7368521730,Orthopedic Surgeon,IN-809260,06:51,09:51,1390
Damini,Sampath,damini.sampath196@gmail.com,+91-7061206100,ENT Specialist,IN-922607,19:32,23:32,1279
Unnati,Mital,unnati.mital670@gmail.com,+91-9224131102,Allergist,IN-678861,21:28,01:28,1294
Nicholas,Dash,nicholas.dash636@yahoo.com,+91-8605423264,ENT Specialist,IN-734375,07:45,12:45,716
Meghana,Sathe,meghana.sathe840@gmail.com,+91-8441344344,Pediatrician,IN-352713,01:10,06:10,725
Ojas,Dayal,ojas.dayal837@gmail.com,+91-9818799021,Pediatrician,IN-213191,04:53,10:53,668
Alexander,Mistry,alexander.mistry689@yahoo.com,+91-8234130476,Pediatrician,IN-272901,21:28,00:28,668
Triya,Verma,triya.verma796@rediff.com,+91-8608186490,Ophthalmologist,IN-580327,02:01,07:01,909
Omya,Lad,omya.lad102@gmail.com,+91-9624360859,Cardiologist,IN-723812,18:33,22:33,447
Faraj,Sant,faraj.sant738@rediff.com,+91-9588195645,Pediatrician,IN-910804,20:04,01:04,338
Gabriel,Dugar,gabriel.dugar69@yahoo.com,+91-8642115795,Rheumatologist,IN-200747,14:04,20:04,484
Neel,D’Alia,neel.d’alia557@yahoo.com,+91-7019389590,Cardiologist,IN-395689,14:45,20:45,1026
Zarna,Ben,zarna.ben716@yahoo.com,+91-9677431456,Nephrologist,IN-251472,19:03,00:03,1167
Anmol,Master,anmol.master804@yahoo.com,+91-9307050860,Nephrologist,IN-694794,18:12,23:12,1079
Nathaniel,Vasa,nathaniel.vasa565@yahoo.com,+91-7104980457,Pulmonologist,IN-853051,13:33,15:33,946
Aachal,Sandal,aachal.sandal370@rediff.com,+91-7663592355,General Physician,IN-923807,12:24,14:24,1424
Hemani,Mane,hemani.mane229@yahoo.com,+91-9655100317,Gastroenterologist,IN-838228,10:11,14:11,1445
Triya,Bhagat,triya.bhagat647@rediff.com,+91-7685600961,Immunologist,IN-983774,23:58,05:58,1349
Widisha,Sachdeva,widisha.sachdeva476@rediff.com,+91-8411191170,Gastroenterologist,IN-353508,12:42,15:42,681
Zansi,Gera,zansi.gera601@gmail.com,+91-7313792814,Allergist,IN-784892,08:59,12:59,747
Mekhala,Vaidya,mekhala.vaidya301@gmail.com,+91-8891364359,Pulmonologist,IN-935755,06:29,08:29,1329
Zaitra,Deol,zaitra.deol829@rediff.com,+91-9090255297,Endocrinologist,IN-309251,07:34,10:34,377
Darpan,Grewal,darpan.grewal81@yahoo.com,+91-7137799202,Dentist,IN-470502,21:56,01:56,893
Charvi,Sarkar,charvi.sarkar449@gmail.com,+91-8353540597,Ophthalmologist,IN-329377,00:49,06:49,615
Udyati,Srivastava,udyati.srivastava71@gmail.com,+91-8925469082,Ophthalmologist,IN-182156,12:36,17:36,389
Netra,Naik,netra.naik792@yahoo.com,+91-8377306452,Ophthalmologist,IN-380108,22:53,03:53,1474
Ranbir,Raj,ranbir.raj583@gmail.com,+91-7345669162,Nephrologist,IN-357386,20:55,22:55,1264
Vihaan,Srivastava,vihaan.srivastava512@rediff.com,+91-8128334484,Gastroenterologist,IN-303361,20:37,00:37,945
Farhan,Deep,farhan.deep125@rediff.com,+91-9715175836,Ophthalmologist,IN-381280,09:31,12:31,1354
Geetika,Dave,geetika.dave29@rediff.com,+91-8094156226,ENT Specialist,IN-784188,05:55,10:55,739
Gaurang,Som,gaurang.som732@gmail.com,+91-8815049367,Dentist,IN-812856,03:52,09:52,1494
Urvashi,Kala,urvashi.kala298@yahoo.com,+91-9079524839,Cardiologist,IN-906660,20:49,23:49,1286
Agastya,Prashad,agastya.prashad645@rediff.com,+91-9377565610,Nephrologist,IN-596722,06:53,10:53,318
Omya,Ranganathan,omya.ranganathan620@rediff.com,+91-9315129252,Pulmonologist,IN-737897,09:58,12:58,1170
Chandani,Mannan,chandani.mannan958@rediff.com,+91-8910812144,Ophthalmologist,IN-360950,13:26,18:26,733
Ekanta,Nagarajan,ekanta.nagarajan588@gmail.com,+91-9212734382,ENT Specialist,IN-520393,11:06,16:06,1192
Yutika,Maharaj,yutika.maharaj347@gmail.com,+91-8278156488,Orthopedic Surgeon,IN-724622,06:01,09:01,871
Ekaraj,Mangat,ekaraj.mangat165@gmail.com,+91-9362623012,Nephrologist,IN-391040,00:47,05:47,1384
Hardik,Balasubramanian,hardik.balasubramanian694@yahoo.com,+91-7694848235,Immunologist,IN-932790,18:15,22:15,368
Gaurav,Wable,gaurav.wable90@gmail.com,+91-7616342469,Ophthalmologist,IN-306706,14:56,18:56,706
Charan,Deshpande,charan.deshpande175@yahoo.com,+91-8559137980,Orthopedic Surgeon,IN-766326,16:09,18:09,1442
Omaja,Wali,omaja.wali686@gmail.com,+91-8558008812,Neurologist,IN-869211,09:25,13:25,1124
Matthew,Soni,matthew.soni652@gmail.com,+91-7879032556,ENT Specialist,IN-834889,22:52,01:52,655
Samarth,Handa,samarth.handa559@gmail.com,+91-8086600658,Cardiologist,IN-148045,06:26,09:26,839
Sneha,Vora,sneha.vora294@gmail.com,+91-8730653754,Neurologist,IN-308925,11:27,16:27,793
Dalaja,Randhawa,dalaja.randhawa556@yahoo.com,+91-7679803040,Orthopedic Surgeon,IN-719372,06:49,08:49,1186
Aarna,Chawla,aarna.chawla177@rediff.com,+91-8695114575,Pediatrician,IN-897408,14:48,16:48,1228
Dipta,Arya,dipta.arya934@rediff.com,+91-8434151596,Oncologist,IN-919615,09:25,12:25,1435
Oni,Natarajan,oni.natarajan199@yahoo.com,+91-7083281055,Neurologist,IN-316525,14:23,19:23,783
Nilima,Bansal,nilima.bansal344@yahoo.com,+91-8280319942,Immunologist,IN-432963,01:37,06:37,415
Ekavir,Peri,ekavir.peri478@yahoo.com,+91-8162778884,Cardiologist,IN-452707,03:53,06:53,1177
Jason,Brahmbhatt,jason.brahmbhatt275@rediff.com,+91-9968238942,Rheumatologist,IN-843524,04:38,09:38,322
Osha,Bala,osha.bala212@gmail.com,+91-7544583961,ENT Specialist,IN-470367,09:25,12:25,421
Oni,Chandra,oni.chandra163@gmail.com,+91-7870343752,Gynecologist,IN-986260,22:18,03:18,856
Azad,Parekh,azad.parekh29@gmail.com,+91-8797398530,Cardiologist,IN-508109,07:24,12:24,1075
Faris,Mall,faris.mall414@yahoo.com,+91-9730728722,Gynecologist,IN-305925,20:14,02:14,447
Dakshesh,Nadkarni,dakshesh.nadkarni694@yahoo.com,+91-9042320572,Psychiatrist,IN-298801,11:12,14:12,895
David,Gulati,david.gulati840@yahoo.com,+91-9383806522,General Physician,IN-151250,18:20,23:20,1399
Lipika,Sane,lipika.sane456@yahoo.com,+91-9308035232,Dermatologist,IN-135567,05:09,11:09,915
Leela,Lala,leela.lala36@yahoo.com,+91-9025444050,Oncologist,IN-841092,06:25,11:25,1167
Oni,Deep,oni.deep17@yahoo.com,+91-9843630590,Ophthalmologist,IN-463190,13:04,19:04,766
Dalaja,Loke,dalaja.loke284@gmail.com,+91-9976679029,Gastroenterologist,IN-147593,21:46,01:46,941
Sara,Bose,sara.bose376@gmail.com,+91-8240752211,General Physician,IN-508640,15:30,17:30,1440
Wahab,Mall,wahab.mall674@rediff.com,+91-8556320876,Ophthalmologist,IN-287512,02:35,08:35,685
Aryan,Krishnan,aryan.krishnan545@yahoo.com,+91-9125204831,Gynecologist,IN-714534,20:20,22:20,890
Isaiah,Kannan,isaiah.kannan316@yahoo.com,+91-8380602556,Orthopedic Surgeon,IN-273173,22:35,02:35,438
Imaran,Banik,imaran.banik41@yahoo.com,+91-7170197692,Urologist,IN-725798,22:28,03:28,310
Banjeet,Khatri,banjeet.khatri262@rediff.com,+91-8862461308,Cardiologist,IN-265803,22:37,04:37,333
Harrison,Banerjee,harrison.banerjee628@gmail.com,+91-7718176595,Cardiologist,IN-443362,17:01,21:01,1048
Nimrat,Bhasin,nimrat.bhasin826@rediff.com,+91-9537925851,Gastroenterologist,IN-847607,03:26,05:26,378
Devika,Ahuja,devika.ahuja289@gmail.com,+91-8938951561,Rheumatologist,IN-532285,09:06,13:06,657
Devansh,Varkey,devansh.varkey856@gmail.com,+91-7539959328,Gastroenterologist,IN-789282,03:12,09:12,1422
Aarnav,Banerjee,aarnav.banerjee542@rediff.com,+91-8318701301,Gastroenterologist,IN-952550,05:10,11:10,1022
Reyansh,Kannan,reyansh.kannan415@gmail.com,+91-9511125571,Gynecologist,IN-429521,09:07,15:07,1366
Ronith,Bassi,ronith.bassi599@gmail.com,+91-9286758757,Pediatrician,IN-862068,08:22,11:22,1486
Ekani,Brahmbhatt,ekani.brahmbhatt378@gmail.com,+91-7396792331,Dentist,IN-617786,08:17,12:17,1170
Oni,Talwar,oni.talwar901@yahoo.com,+91-9985190124,Endocrinologist,IN-577361,05:14,11:14,814
Yashvi,Oza,yashvi.oza234@rediff.com,+91-9663037014,Dentist,IN-734596,00:51,05:51,1485
Dayamai,Andra,dayamai.andra973@gmail.com,+91-9949003045,Gynecologist,IN-800108,03:00,07:00,473
Dalaja,Kulkarni,dalaja.kulkarni311@rediff.com,+91-9262904303,Dentist,IN-577988,15:04,18:04,1189
Kritika,Rana,kritika.rana385@rediff.com,+91-8670871765,Dentist,IN-504288,19:17,00:17,1160
Manbir,Chaudhary,manbir.chaudhary692@gmail.com,+91-8140790982,ENT Specialist,IN-979209,13:33,18:33,1296
Gabriel,Saran,gabriel.saran740@rediff.com,+91-8956990738,Pediatrician,IN-180845,03:19,06:19,1363
Ishanvi,Pant,ishanvi.pant383@gmail.com,+91-8887190578,Orthopedic Surgeon,IN-793182,17:56,22:56,726
Aayush,Kale,aayush.kale341@yahoo.com,+91-9793385775,Oncologist,IN-889721,00:08,04:08,717
Jeevika,Natarajan,jeevika.natarajan664@yahoo.com,+91-9258999431,Nephrologist,IN-967680,05:53,11:53,449
Amrita,Sundaram,amrita.sundaram379@gmail.com,+91-8600208865,Dermatologist,IN-638505,05:52,11:52,1139
Ikshita,Kant,ikshita.kant864@rediff.com,+91-9433117022,General Physician,IN-579090,15:59,21:59,639
Hemal,Raju,hemal.raju386@gmail.com,+91-9687055084,Dermatologist,IN-665250,08:30,13:30,1104
Diya,Kannan,diya.kannan552@rediff.com,+91-9097838184,Oncologist,IN-522692,00:15,06:15,1080
Varenya,Apte,varenya.apte46@gmail.com,+91-9105108569,Endocrinologist,IN-777219,03:08,06:08,984
Divya,Khanna,divya.khanna815@gmail.com,+91-7977175784,General Physician,IN-396251,03:58,07:58,536
Gaurang,Aurora,gaurang.aurora549@yahoo.com,+91-7770264214,Cardiologist,IN-378554,06:56,12:56,1218
Chandran,Ganesh,chandran.ganesh564@rediff.com,+91-9429430885,Rheumatologist,IN-109772,19:27,21:27,923
Chanakya,Dhar,chanakya.dhar135@rediff.com,+91-9212382373,General Physician,IN-366245,10:01,13:01,569
Ryan,Verma,ryan.verma887@yahoo.com,+91-8259363968,Nephrologist,IN-410101,15:22,18:22,718
Chakradev,Chandran,chakradev.chandran322@gmail.com,+91-8118732622,Gynecologist,IN-941790,01:09,06:09,318
Owen,Jani,owen.jani674@gmail.com,+91-9994894426,Dermatologist,IN-374369,13:04,17:04,1133
Xiti,Suresh,xiti.suresh689@rediff.com,+91-8911942634,Dermatologist,IN-220018,13:27,15:27,1007
Sai,Mishra,sai.mishra528@gmail.com,+91-7951523118,Oncologist,IN-350645,15:31,18:31,580
Leela,Kapadia,leela.kapadia917@gmail.com,+91-7708213180,Nephrologist,IN-868171,05:41,11:41,988
Ishwar,Kant,ishwar.kant257@rediff.com,+91-8929782656,Gynecologist,IN-220265,10:19,14:19,492
Saksham,Kara,saksham.kara767@rediff.com,+91-7503231666,Gynecologist,IN-589540,13:53,19:53,1231
Libni,Solanki,libni.solanki514@yahoo.com,+91-8733311665,Pulmonologist,IN-763248,11:39,17:39,1141
Charita,Handa,charita.handa361@yahoo.com,+91-8388349259,Gastroenterologist,IN-749766,23:51,03:51,1400
Amrita,Dutta,amrita.dutta485@gmail.com,+91-7130945116,Dentist,IN-557246,21:56,02:56,518
Meghana,Sengupta,meghana.sengupta424@gmail.com,+91-9727862826,Pediatrician,IN-627710,19:46,22:46,1399
Tara,Sani,tara.sani617@yahoo.com,+91-7362809477,Pulmonologist,IN-157147,13:05,17:05,1104
Jagrati,Sant,jagrati.sant697@rediff.com,+91-8518881882,Orthopedic Surgeon,IN-494663,16:36,18:36,1360
Kai,Krish,kai.krish619@yahoo.com,+91-7763866552,Cardiologist,IN-440421,00:12,06:12,1347
Charan,Mutti,charan.mutti788@rediff.com,+91-9740255796,Oncologist,IN-527549,00:57,06:57,347
Omaja,Chacko,omaja.chacko751@rediff.com,+91-9063529608,Immunologist,IN-258457,17:14,23:14,985
Arjun,Arora,arjun.arora752@yahoo.com,+91-9874827431,Pediatrician,IN-127038,06:28,12:28,695
Upasna,Nori,upasna.nori642@yahoo.com,+91-7279716152,Orthopedic Surgeon,IN-974438,07:49,11:49,770
Deepa,Murty,deepa.murty587@gmail.com,+91-7706628080,Endocrinologist,IN-430503,09:13,15:13,391
Daksha,Gara,daksha.gara638@gmail.com,+91-7926037205,Cardiologist,IN-521368,10:53,13:53,1371
Chakrika,Kala,chakrika.kala674@gmail.com,+91-8510259608,Oncologist,IN-351929,07:40,09:40,1305
Rehaan,Walla,rehaan.walla912@yahoo.com,+91-9937682508,Dermatologist,IN-197571,22:07,03:07,485
Yachana,Dixit,yachana.dixit319@gmail.com,+91-9502011888,Allergist,IN-525663,06:11,09:11,919
Ijaya,Krishna,ijaya.krishna953@gmail.com,+91-9654388249,Gynecologist,IN-657028,16:40,18:40,740
Chanakya,Merchant,chanakya.merchant87@yahoo.com,+91-7428015231,Nephrologist,IN-815899,23:49,03:49,686
Nikita,Karpe,nikita.karpe671@gmail.com,+91-9581191318,Gynecologist,IN-843538,16:51,21:51,1163
Udarsh,Bhasin,udarsh.bhasin271@rediff.com,+91-8918246689,Allergist,IN-166573,17:17,20:17,473
Hemal,Banik,hemal.banik777@gmail.com,+91-8739344518,Psychiatrist,IN-139680,18:17,22:17,563
Yamini,Lad,yamini.lad111@rediff.com,+91-8851414816,Pediatrician,IN-617933,08:26,10:26,748
Samuel,Konda,samuel.konda463@gmail.com,+91-8693727949,Oncologist,IN-386068,18:58,21:58,1057
Atharv,Bhalla,atharv.bhalla298@yahoo.com,+91-7700187115,Endocrinologist,IN-857403,08:59,10:59,1443
Hiral,Saraf,hiral.saraf417@rediff.com,+91-7621272989,Oncologist,IN-511223,02:18,05:18,813
Neelima,Manda,neelima.manda993@gmail.com,+91-7620009353,Endocrinologist,IN-849798,11:00,17:00,1076
Charles,Bedi,charles.bedi209@rediff.com,+91-8905491466,Pulmonologist,IN-211526,07:04,13:04,1368
Pratyush,Misra,pratyush.misra226@rediff.com,+91-9641190408,ENT Specialist,IN-189604,03:57,08:57,1097
Sneha,Nanda,sneha.nanda988@gmail.com,+91-9847321349,Oncologist,IN-874143,04:17,09:17,520
Dalbir,Sunder,dalbir.sunder619@gmail.com,+91-7570516228,Pediatrician,IN-362002,10:25,16:25,1001
Nitara,Som,nitara.som28@yahoo.com,+91-8234301428,Cardiologist,IN-986433,03:37,05:37,640
Karan,Natt,karan.natt717@gmail.com,+91-8731937927,Oncologist,IN-414349,03:30,09:30,984
Zaitra,Oza,zaitra.oza697@rediff.com,+91-8551308882,Allergist,IN-819017,23:12,05:12,373
Harish,Kala,harish.kala428@gmail.com,+91-9690827685,General Physician,IN-820663,22:18,01:18,1130
Gaurika,Mand,gaurika.mand307@gmail.com,+91-7441066479,Cardiologist,IN-269903,08:50,14:50,1343
Aarav,Mand,aarav.mand183@rediff.com,+91-9292288615,Pediatrician,IN-223553,19:05,23:05,340
Timothy,Pal,timothy.pal617@gmail.com,+91-7939644708,Ophthalmologist,IN-399002,07:08,10:08,1154
Vasudha,Taneja,vasudha.taneja170@gmail.com,+91-7218356671,Nephrologist,IN-649299,16:35,20:35,851
Yashica,Chand,yashica.chand777@gmail.com,+91-9499493642,Neurologist,IN-809398,11:04,14:04,951
Zilmil,Kale,zilmil.kale752@gmail.com,+91-9942427375,Immunologist,IN-253825,15:46,17:46,1043
Zashil,Bains,zashil.bains367@yahoo.com,+91-9274203080,Endocrinologist,IN-302017,19:27,22:27,778
Yashvi,Padmanabhan,yashvi.padmanabhan872@rediff.com,+91-7228497387,Nephrologist,IN-148503,04:46,06:46,1303
Naveen,Buch,naveen.buch812@gmail.com,+91-8122520902,Oncologist,IN-451191,13:45,18:45,628
Wakeeta,Arora,wakeeta.arora208@rediff.com,+91-7160086248,Pulmonologist,IN-281403,04:44,07:44,1161
Yashasvi,Bhandari,yashasvi.bhandari152@rediff.com,+91-8230897308,Rheumatologist,IN-161443,23:17,03:17,1229
Harsh,Chaudry,harsh.chaudry876@gmail.com,+91-9931880860,Endocrinologist,IN-336198,11:53,16:53,587
Pranit,Sehgal,pranit.sehgal31@yahoo.com,+91-8367345397,Gynecologist,IN-783428,22:18,04:18,788
Alexander,Pal,alexander.pal754@rediff.com,+91-7036506829,Allergist,IN-297593,06:05,10:05,1414
Harshil,Mann,harshil.mann782@gmail.com,+91-8298187499,Psychiatrist,IN-486620,03:56,08:56,806
Arin,Chawla,arin.chawla251@yahoo.com,+91-7146317592,Pulmonologist,IN-280777,03:47,09:47,1027
Yash,Bose,yash.bose253@rediff.com,+91-9042440534,Immunologist,IN-621136,09:39,13:39,925
